{
    "mean": -11.684844633567304,
    "std": 1.9388001269105275,
    "std_min": -1.7245323953728713,
    "std_max": 3.3815594451873117
}